name,field,era
Albert Einstein,Physics,Modern
Marie Curie,Physics,Modern
Isaac Newton,Physics,Early Modern
Galileo Galilei,Physics,Early Modern
Stephen Hawking,Physics,Contemporary
Richard Feynman,Physics,Modern
Niels Bohr,Physics,Modern
Werner Heisenberg,Physics,Modern
Erwin Schrödinger,Physics,Modern
Max Planck,Physics,Modern
Charles Darwin,Biology,Modern
Gregor Mendel,Biology,Modern
Louis Pasteur,Biology,Modern
Francis Crick,Biology,Contemporary
James Watson,Biology,Contemporary
Carl Linnaeus,Biology,Early Modern
Rachel Carson,Biology,Contemporary
Jane Goodall,Biology,Contemporary
Barbara McClintock,Biology,Contemporary
Rosalind Franklin,Biology,Contemporary
Leonardo da Vinci,Art/Science,Renaissance
Michelangelo,Art,Renaissance
Pablo Picasso,Art,Modern
Vincent van Gogh,Art,Modern
Claude Monet,Art,Modern
Rembrandt,Art,Early Modern
Frida Kahlo,Art,Modern
Andy Warhol,Art,Contemporary
Salvador Dalí,Art,Modern
Jackson Pollock,Art,Contemporary
William Shakespeare,Literature,Early Modern
Jane Austen,Literature,Modern
Charles Dickens,Literature,Modern
Mark Twain,Literature,Modern
Leo Tolstoy,Literature,Modern
Fyodor Dostoevsky,Literature,Modern
Virginia Woolf,Literature,Modern
James Joyce,Literature,Modern
Ernest Hemingway,Literature,Modern
Gabriel García Márquez,Literature,Contemporary
Socrates,Philosophy,Ancient
Plato,Philosophy,Ancient
Aristotle,Philosophy,Ancient
Immanuel Kant,Philosophy,Early Modern
Friedrich Nietzsche,Philosophy,Modern
René Descartes,Philosophy,Early Modern
John Locke,Philosophy,Early Modern
David Hume,Philosophy,Early Modern
Jean-Jacques Rousseau,Philosophy,Early Modern
Simone de Beauvoir,Philosophy,Modern
Wolfgang Amadeus Mozart,Music,Early Modern
Ludwig van Beethoven,Music,Modern
Johann Sebastian Bach,Music,Early Modern
Frédéric Chopin,Music,Modern
Igor Stravinsky,Music,Modern
Bob Dylan,Music,Contemporary
The Beatles,Music,Contemporary
Miles Davis,Music,Contemporary
Aretha Franklin,Music,Contemporary
Duke Ellington,Music,Modern
Alan Turing,Computer Science,Modern
Ada Lovelace,Computer Science,Modern
John von Neumann,Computer Science,Modern
Grace Hopper,Computer Science,Modern
Donald Knuth,Computer Science,Contemporary
Tim Berners-Lee,Computer Science,Contemporary
Linus Torvalds,Computer Science,Contemporary
Dennis Ritchie,Computer Science,Contemporary
Ken Thompson,Computer Science,Contemporary
Margaret Hamilton,Computer Science,Contemporary
Euclid,Mathematics,Ancient
Archimedes,Mathematics,Ancient
Carl Friedrich Gauss,Mathematics,Modern
Leonhard Euler,Mathematics,Early Modern
Emmy Noether,Mathematics,Modern
Srinivasa Ramanujan,Mathematics,Modern
David Hilbert,Mathematics,Modern
Henri Poincaré,Mathematics,Modern
Kurt Gödel,Mathematics,Modern
John Nash,Mathematics,Contemporary
Sigmund Freud,Psychology,Modern
Carl Jung,Psychology,Modern
B.F. Skinner,Psychology,Modern
Jean Piaget,Psychology,Modern
Abraham Maslow,Psychology,Modern
Daniel Kahneman,Psychology,Contemporary
Ivan Pavlov,Psychology,Modern
Erik Erikson,Psychology,Modern
Elizabeth Loftus,Psychology,Contemporary
Philip Zimbardo,Psychology,Contemporary
Hippocrates,Medicine,Ancient
Galen,Medicine,Ancient
Andreas Vesalius,Medicine,Early Modern
Edward Jenner,Medicine,Modern
Florence Nightingale,Medicine,Modern
Alexander Fleming,Medicine,Modern
Jonas Salk,Medicine,Contemporary
Paul Ehrlich,Medicine,Modern
Joseph Lister,Medicine,Modern
Elizabeth Blackwell,Medicine,Modern
Adam Smith,Economics,Early Modern
Karl Marx,Economics,Modern
John Maynard Keynes,Economics,Modern
Milton Friedman,Economics,Contemporary
Friedrich Hayek,Economics,Modern
Paul Samuelson,Economics,Contemporary
Amartya Sen,Economics,Contemporary
Thomas Piketty,Economics,Contemporary
Janet Yellen,Economics,Contemporary
Esther Duflo,Economics,Contemporary
Winston Churchill,Politics,Modern
Mahatma Gandhi,Politics,Modern
Nelson Mandela,Politics,Contemporary
Martin Luther King Jr.,Politics,Contemporary
Abraham Lincoln,Politics,Modern
George Washington,Politics,Early Modern
Thomas Jefferson,Politics,Early Modern
Franklin D. Roosevelt,Politics,Modern
Margaret Thatcher,Politics,Contemporary
Eleanor Roosevelt,Politics,Modern
Confucius,Philosophy,Ancient
Lao Tzu,Philosophy,Ancient
Buddha,Religion,Ancient
Jesus Christ,Religion,Ancient
Muhammad,Religion,Medieval
Moses,Religion,Ancient
Martin Luther,Religion,Early Modern
John Calvin,Religion,Early Modern
Thomas Aquinas,Philosophy,Medieval
Augustine of Hippo,Philosophy,Ancient
Alexander the Great,Military,Ancient
Julius Caesar,Military,Ancient
Napoleon Bonaparte,Military,Modern
Genghis Khan,Military,Medieval
Hannibal Barca,Military,Ancient
Sun Tzu,Military,Ancient
Joan of Arc,Military,Medieval
Shaka Zulu,Military,Modern
Saladin,Military,Medieval
Attila the Hun,Military,Ancient
Cleopatra,Royalty,Ancient
Elizabeth I,Royalty,Early Modern
Catherine the Great,Royalty,Early Modern
Queen Victoria,Royalty,Modern
Louis XIV,Royalty,Early Modern
Charlemagne,Royalty,Medieval
Peter the Great,Royalty,Early Modern
Frederick the Great,Royalty,Early Modern
Akbar the Great,Royalty,Early Modern
Suleiman the Magnificent,Royalty,Early Modern
Christopher Columbus,Exploration,Early Modern
Marco Polo,Exploration,Medieval
Ferdinand Magellan,Exploration,Early Modern
James Cook,Exploration,Early Modern
Vasco da Gama,Exploration,Early Modern
Roald Amundsen,Exploration,Modern
Ernest Shackleton,Exploration,Modern
Neil Armstrong,Exploration,Contemporary
Buzz Aldrin,Exploration,Contemporary
Yuri Gagarin,Exploration,Contemporary
Thomas Edison,Invention,Modern
Nikola Tesla,Invention,Modern
Alexander Graham Bell,Invention,Modern
Benjamin Franklin,Science/Politics,Early Modern
George Washington Carver,Science,Modern
Johannes Gutenberg,Invention,Medieval
James Watt,Invention,Early Modern
Eli Whitney,Invention,Modern
Wright Brothers,Invention,Modern
Henry Ford,Business,Modern
Steve Jobs,Business,Contemporary
Bill Gates,Business,Contemporary
Elon Musk,Business,Contemporary
Jeff Bezos,Business,Contemporary
Mark Zuckerberg,Business,Contemporary
Warren Buffett,Business,Contemporary
Oprah Winfrey,Media,Contemporary
Walt Disney,Entertainment,Modern
George Lucas,Entertainment,Contemporary
Steven Spielberg,Entertainment,Contemporary
Homer,Literature,Ancient
Virgil,Literature,Ancient
Dante Alighieri,Literature,Medieval
Geoffrey Chaucer,Literature,Medieval
Miguel de Cervantes,Literature,Early Modern
Johann Wolfgang von Goethe,Literature,Modern
Victor Hugo,Literature,Modern
Emily Dickinson,Literature,Modern
Edgar Allan Poe,Literature,Modern
Walt Whitman,Literature,Modern
T.S. Eliot,Literature,Modern
Ezra Pound,Literature,Modern
W.B. Yeats,Literature,Modern
Robert Frost,Literature,Modern
Langston Hughes,Literature,Modern
Maya Angelou,Literature,Contemporary
Toni Morrison,Literature,Contemporary
Chinua Achebe,Literature,Contemporary
Haruki Murakami,Literature,Contemporary
Salman Rushdie,Literature,Contemporary
Anton Chekhov,Literature,Modern
Henrik Ibsen,Literature,Modern
Oscar Wilde,Literature,Modern
George Bernard Shaw,Literature,Modern
Tennessee Williams,Literature,Contemporary
Arthur Miller,Literature,Contemporary
Samuel Beckett,Literature,Contemporary
Eugene O'Neill,Literature,Modern
August Wilson,Literature,Contemporary
Lorraine Hansberry,Literature,Contemporary
Mary Shelley,Literature,Modern
Bram Stoker,Literature,Modern
H.G. Wells,Literature,Modern
Jules Verne,Literature,Modern
Isaac Asimov,Literature,Contemporary
Arthur C. Clarke,Literature,Contemporary
Ray Bradbury,Literature,Contemporary
Ursula K. Le Guin,Literature,Contemporary
Philip K. Dick,Literature,Contemporary
J.R.R. Tolkien,Literature,Modern
C.S. Lewis,Literature,Modern
George Orwell,Literature,Modern
Aldous Huxley,Literature,Modern
Kurt Vonnegut,Literature,Contemporary
Joseph Heller,Literature,Contemporary
Margaret Atwood,Literature,Contemporary
Octavia Butler,Literature,Contemporary
N.K. Jemisin,Literature,Contemporary
Ted Chiang,Literature,Contemporary
Pliny the Elder,Science,Ancient
Ptolemy,Science,Ancient
Al-Khwarizmi,Mathematics,Medieval
Ibn Sina,Medicine,Medieval
Omar Khayyam,Mathematics,Medieval
Nicolaus Copernicus,Astronomy,Early Modern
Tycho Brahe,Astronomy,Early Modern
Johannes Kepler,Astronomy,Early Modern
Edmond Halley,Astronomy,Early Modern
William Herschel,Astronomy,Early Modern
Edwin Hubble,Astronomy,Modern
Carl Sagan,Astronomy,Contemporary
Neil deGrasse Tyson,Astronomy,Contemporary
Vera Rubin,Astronomy,Contemporary
Jocelyn Bell Burnell,Astronomy,Contemporary
Antoine Lavoisier,Chemistry,Modern
Dmitri Mendeleev,Chemistry,Modern
Robert Boyle,Chemistry,Early Modern
Joseph Priestley,Chemistry,Early Modern
Linus Pauling,Chemistry,Contemporary
Dorothy Hodgkin,Chemistry,Contemporary
Marie Maynard Daly,Chemistry,Contemporary
Percy Julian,Chemistry,Contemporary
Tu Youyou,Chemistry,Contemporary
Ahmed Zewail,Chemistry,Contemporary
Max Weber,Sociology,Modern
Émile Durkheim,Sociology,Modern
Karl Mannheim,Sociology,Modern
Talcott Parsons,Sociology,Contemporary
Erving Goffman,Sociology,Contemporary
Pierre Bourdieu,Sociology,Contemporary
Michel Foucault,Philosophy,Contemporary
Jacques Derrida,Philosophy,Contemporary
Judith Butler,Philosophy,Contemporary
Cornel West,Philosophy,Contemporary
Bertrand Russell,Philosophy,Modern
Ludwig Wittgenstein,Philosophy,Modern
Martin Heidegger,Philosophy,Modern
Jean-Paul Sartre,Philosophy,Modern
Albert Camus,Philosophy,Modern
Hannah Arendt,Philosophy,Modern
Noam Chomsky,Linguistics,Contemporary
Ferdinand de Saussure,Linguistics,Modern
Roman Jakobson,Linguistics,Modern
Edward Sapir,Linguistics,Modern
Benjamin Lee Whorf,Linguistics,Modern
Steven Pinker,Linguistics,Contemporary
Claude Shannon,Information Theory,Contemporary
Norbert Wiener,Cybernetics,Contemporary
John McCarthy,AI,Contemporary
Marvin Minsky,AI,Contemporary
Herbert Simon,AI,Contemporary
Allen Newell,AI,Contemporary
Judea Pearl,AI,Contemporary
Geoffrey Hinton,AI,Contemporary
Yann LeCun,AI,Contemporary
Yoshua Bengio,AI,Contemporary
Andrew Ng,AI,Contemporary
Fei-Fei Li,AI,Contemporary
Demis Hassabis,AI,Contemporary
Ilya Sutskever,AI,Contemporary
Sam Altman,Business/AI,Contemporary
Sundar Pichai,Business,Contemporary
Satya Nadella,Business,Contemporary
Jack Ma,Business,Contemporary
Masayoshi Son,Business,Contemporary
Mary Barra,Business,Contemporary
Indra Nooyi,Business,Contemporary
Sheryl Sandberg,Business,Contemporary
Ginni Rometty,Business,Contemporary
Tim Cook,Business,Contemporary
Alfred Hitchcock,Film,Modern
Stanley Kubrick,Film,Contemporary
Martin Scorsese,Film,Contemporary
Francis Ford Coppola,Film,Contemporary
Akira Kurosawa,Film,Contemporary
Ingmar Bergman,Film,Contemporary
Federico Fellini,Film,Contemporary
Jean-Luc Godard,Film,Contemporary
Orson Welles,Film,Modern
Charlie Chaplin,Film,Modern
Buster Keaton,Film,Modern
Sergei Eisenstein,Film,Modern
D.W. Griffith,Film,Modern
Fritz Lang,Film,Modern
Billy Wilder,Film,Contemporary
John Ford,Film,Modern
Howard Hawks,Film,Modern
Elia Kazan,Film,Contemporary
Robert Altman,Film,Contemporary
Terrence Malick,Film,Contemporary
Spike Lee,Film,Contemporary
Quentin Tarantino,Film,Contemporary
Christopher Nolan,Film,Contemporary
Kathryn Bigelow,Film,Contemporary
Ava DuVernay,Film,Contemporary
Greta Gerwig,Film,Contemporary
Agnes Varda,Film,Contemporary
Jane Campion,Film,Contemporary
Chloé Zhao,Film,Contemporary
Constantin Stanislavski,Theater,Modern
Vsevolod Meyerhold,Theater,Modern
Bertolt Brecht,Theater,Modern
Antonin Artaud,Theater,Modern
Peter Brook,Theater,Contemporary
Jerzy Grotowski,Theater,Contemporary
Robert Wilson,Theater,Contemporary
Julie Taymor,Theater,Contemporary
Anna Deavere Smith,Theater,Contemporary
Lin-Manuel Miranda,Theater,Contemporary
Martha Graham,Dance,Modern
George Balanchine,Dance,Modern
Merce Cunningham,Dance,Contemporary
Alvin Ailey,Dance,Contemporary
Pina Bausch,Dance,Contemporary
Twyla Tharp,Dance,Contemporary
Mikhail Baryshnikov,Dance,Contemporary
Rudolf Nureyev,Dance,Contemporary
Margot Fonteyn,Dance,Contemporary
Misty Copeland,Dance,Contemporary
Frank Lloyd Wright,Architecture,Modern
Le Corbusier,Architecture,Modern
Ludwig Mies van der Rohe,Architecture,Modern
Walter Gropius,Architecture,Modern
Zaha Hadid,Architecture,Contemporary
I.M. Pei,Architecture,Contemporary
Frank Gehry,Architecture,Contemporary
Norman Foster,Architecture,Contemporary
Rem Koolhaas,Architecture,Contemporary
Tadao Ando,Architecture,Contemporary
Ansel Adams,Photography,Modern
Henri Cartier-Bresson,Photography,Modern
Dorothea Lange,Photography,Modern
Richard Avedon,Photography,Contemporary
Annie Leibovitz,Photography,Contemporary
Cindy Sherman,Photography,Contemporary
Diane Arbus,Photography,Modern
Robert Capa,Photography,Modern
Steve McCurry,Photography,Contemporary
Sebastião Salgado,Photography,Contemporary
Paul Cézanne,Art,Modern
Henri Matisse,Art,Modern
Wassily Kandinsky,Art,Modern
Piet Mondrian,Art,Modern
Kazimir Malevich,Art,Modern
Joan Miró,Art,Modern
René Magritte,Art,Modern
Georgia O'Keeffe,Art,Modern
Edward Hopper,Art,Modern
Diego Rivera,Art,Modern
Gustave Courbet,Art,Modern
Édouard Manet,Art,Modern
Edgar Degas,Art,Modern
Pierre-Auguste Renoir,Art,Modern
Paul Gauguin,Art,Modern
Henri de Toulouse-Lautrec,Art,Modern
Edvard Munch,Art,Modern
Gustav Klimt,Art,Modern
Egon Schiele,Art,Modern
Amedeo Modigliani,Art,Modern
Constantin Brâncuși,Art,Modern
Auguste Rodin,Art,Modern
Henry Moore,Art,Contemporary
Alberto Giacometti,Art,Modern
Louise Bourgeois,Art,Contemporary
Barbara Hepworth,Art,Contemporary
Alexander Calder,Art,Contemporary
David Smith,Art,Contemporary
Richard Serra,Art,Contemporary
Anish Kapoor,Art,Contemporary
Jean-Michel Basquiat,Art,Contemporary
Keith Haring,Art,Contemporary
Jeff Koons,Art,Contemporary
Damien Hirst,Art,Contemporary
Banksy,Art,Contemporary
Ai Weiwei,Art,Contemporary
Yayoi Kusama,Art,Contemporary
Kara Walker,Art,Contemporary
Kehinde Wiley,Art,Contemporary
Kerry James Marshall,Art,Contemporary
Takashi Murakami,Art,Contemporary
Gerhard Richter,Art,Contemporary
Johann Pachelbel,Music,Early Modern
Antonio Vivaldi,Music,Early Modern
George Frideric Handel,Music,Early Modern
Franz Joseph Haydn,Music,Early Modern
Franz Schubert,Music,Modern
Robert Schumann,Music,Modern
Johannes Brahms,Music,Modern
Pyotr Ilyich Tchaikovsky,Music,Modern
Antonín Dvořák,Music,Modern
Gustav Mahler,Music,Modern
Richard Wagner,Music,Modern
Giuseppe Verdi,Music,Modern
Giacomo Puccini,Music,Modern
Claude Debussy,Music,Modern
Maurice Ravel,Music,Modern
Arnold Schoenberg,Music,Modern
Béla Bartók,Music,Modern
Dmitri Shostakovich,Music,Modern
Sergei Rachmaninoff,Music,Modern
Aaron Copland,Music,Contemporary
Leonard Bernstein,Music,Contemporary
John Williams,Music,Contemporary
Hans Zimmer,Music,Contemporary
Ennio Morricone,Music,Contemporary
Philip Glass,Music,Contemporary
Steve Reich,Music,Contemporary
John Adams,Music,Contemporary
Arvo Pärt,Music,Contemporary
Tan Dun,Music,Contemporary
Louis Armstrong,Music,Modern
Charlie Parker,Music,Contemporary
Dizzy Gillespie,Music,Contemporary
Thelonious Monk,Music,Contemporary
John Coltrane,Music,Contemporary
Billie Holiday,Music,Modern
Ella Fitzgerald,Music,Contemporary
Sarah Vaughan,Music,Contemporary
Nina Simone,Music,Contemporary
Ray Charles,Music,Contemporary
Elvis Presley,Music,Contemporary
Chuck Berry,Music,Contemporary
Little Richard,Music,Contemporary
Jimi Hendrix,Music,Contemporary
Janis Joplin,Music,Contemporary
Jim Morrison,Music,Contemporary
Freddie Mercury,Music,Contemporary
David Bowie,Music,Contemporary
Prince,Music,Contemporary
Michael Jackson,Music,Contemporary
Madonna,Music,Contemporary
Whitney Houston,Music,Contemporary
Marvin Gaye,Music,Contemporary
Stevie Wonder,Music,Contemporary
James Brown,Music,Contemporary
B.B. King,Music,Contemporary
Muddy Waters,Music,Contemporary
Robert Johnson,Music,Modern
John Lee Hooker,Music,Contemporary
Howlin' Wolf,Music,Contemporary
Willie Nelson,Music,Contemporary
Johnny Cash,Music,Contemporary
Hank Williams,Music,Contemporary
Dolly Parton,Music,Contemporary
Loretta Lynn,Music,Contemporary
Patsy Cline,Music,Contemporary
George Jones,Music,Contemporary
Merle Haggard,Music,Contemporary
Waylon Jennings,Music,Contemporary
Kris Kristofferson,Music,Contemporary
Bruce Springsteen,Music,Contemporary
Paul Simon,Music,Contemporary
Joni Mitchell,Music,Contemporary
Leonard Cohen,Music,Contemporary
Carole King,Music,Contemporary
Elton John,Music,Contemporary
Billy Joel,Music,Contemporary
Barbra Streisand,Music,Contemporary
Frank Sinatra,Music,Contemporary
Tony Bennett,Music,Contemporary
Nat King Cole,Music,Contemporary
Dean Martin,Music,Contemporary
Sammy Davis Jr.,Music,Contemporary
Bing Crosby,Music,Modern
Judy Garland,Music,Contemporary
Liza Minnelli,Music,Contemporary
Bette Midler,Music,Contemporary
Celine Dion,Music,Contemporary
Mariah Carey,Music,Contemporary
Beyoncé,Music,Contemporary
Lady Gaga,Music,Contemporary
Adele,Music,Contemporary
Taylor Swift,Music,Contemporary
Bob Marley,Music,Contemporary
Peter Tosh,Music,Contemporary
Jimmy Cliff,Music,Contemporary
Fela Kuti,Music,Contemporary
Miriam Makeba,Music,Contemporary
Youssou N'Dour,Music,Contemporary
Ravi Shankar,Music,Contemporary
Ali Akbar Khan,Music,Contemporary
Nusrat Fateh Ali Khan,Music,Contemporary
Umm Kulthum,Music,Modern
Fairuz,Music,Contemporary
Oum Kalthoum,Music,Modern
Mercedes Sosa,Music,Contemporary
Cesária Évora,Music,Contemporary
Buena Vista Social Club,Music,Contemporary
Astor Piazzolla,Music,Contemporary
Antonio Carlos Jobim,Music,Contemporary
João Gilberto,Music,Contemporary
Caetano Veloso,Music,Contemporary
Gilberto Gil,Music,Contemporary
Gal Costa,Music,Contemporary
Milton Nascimento,Music,Contemporary
Björk,Music,Contemporary
Kate Bush,Music,Contemporary
Radiohead,Music,Contemporary
Nirvana,Music,Contemporary
Pearl Jam,Music,Contemporary
Metallica,Music,Contemporary
Led Zeppelin,Music,Contemporary
Pink Floyd,Music,Contemporary
The Rolling Stones,Music,Contemporary
The Who,Music,Contemporary
Queen,Music,Contemporary
U2,Music,Contemporary
R.E.M.,Music,Contemporary
Talking Heads,Music,Contemporary
The Velvet Underground,Music,Contemporary
The Ramones,Music,Contemporary
Sex Pistols,Music,Contemporary
The Clash,Music,Contemporary
Joy Division,Music,Contemporary
The Smiths,Music,Contemporary
Public Enemy,Music,Contemporary
Run-DMC,Music,Contemporary
N.W.A,Music,Contemporary
Tupac Shakur,Music,Contemporary
The Notorious B.I.G.,Music,Contemporary
Jay-Z,Music,Contemporary
Nas,Music,Contemporary
Eminem,Music,Contemporary
Kendrick Lamar,Music,Contemporary
Kanye West,Music,Contemporary
OutKast,Music,Contemporary
Wu-Tang Clan,Music,Contemporary
A Tribe Called Quest,Music,Contemporary
De La Soul,Music,Contemporary
Missy Elliott,Music,Contemporary
Lauryn Hill,Music,Contemporary
Queen Latifah,Music,Contemporary
Salt-N-Pepa,Music,Contemporary
Lil' Kim,Music,Contemporary
Nicki Minaj,Music,Contemporary
Cardi B,Music,Contemporary
Megan Thee Stallion,Music,Contemporary
Daft Punk,Music,Contemporary
Kraftwerk,Music,Contemporary
Brian Eno,Music,Contemporary
Aphex Twin,Music,Contemporary
Massive Attack,Music,Contemporary
Portishead,Music,Contemporary
The Chemical Brothers,Music,Contemporary
The Prodigy,Music,Contemporary
Underworld,Music,Contemporary
Moby,Music,Contemporary
Hippocrates of Kos,Medicine,Ancient
Avicenna,Medicine,Medieval
Paracelsus,Medicine,Early Modern
William Harvey,Medicine,Early Modern
Rudolf Virchow,Medicine,Modern
Robert Koch,Medicine,Modern
Ignaz Semmelweis,Medicine,Modern
Clara Barton,Medicine,Modern
Mary Seacole,Medicine,Modern
Virginia Apgar,Medicine,Contemporary
Helen Taussig,Medicine,Contemporary
Paul Farmer,Medicine,Contemporary
Patch Adams,Medicine,Contemporary
Christiaan Barnard,Medicine,Contemporary
Michael DeBakey,Medicine,Contemporary
René Favaloro,Medicine,Contemporary
Thomas Starzl,Medicine,Contemporary
Anthony Fauci,Medicine,Contemporary
Sanjay Gupta,Medicine,Contemporary
Atul Gawande,Medicine,Contemporary
Susan Desmond-Hellmann,Medicine,Contemporary
Frances Oldham Kelsey,Medicine,Contemporary
Elizabeth Blackburn,Medicine,Contemporary
Jennifer Doudna,Medicine,Contemporary
Emmanuelle Charpentier,Medicine,Contemporary
Katalin Karikó,Medicine,Contemporary
Özlem Türeci,Medicine,Contemporary
Uğur Şahin,Medicine,Contemporary
Anthony Levandowski,Engineering,Contemporary
Marc Andreessen,Business,Contemporary
Peter Thiel,Business,Contemporary
Reid Hoffman,Business,Contemporary
Larry Page,Business,Contemporary
Sergey Brin,Business,Contemporary
Jack Dorsey,Business,Contemporary
Evan Spiegel,Business,Contemporary
Brian Chesky,Business,Contemporary
Travis Kalanick,Business,Contemporary
Daniel Ek,Business,Contemporary
Reed Hastings,Business,Contemporary
Marc Benioff,Business,Contemporary
Jensen Huang,Business,Contemporary
Lisa Su,Business,Contemporary
Pat Gelsinger,Business,Contemporary
Arvind Krishna,Business,Contemporary
Andy Jassy,Business,Contemporary
Bob Iger,Business,Contemporary
David Zaslav,Business,Contemporary
Ted Sarandos,Business,Contemporary
Shonda Rhimes,Media,Contemporary
Ryan Murphy,Media,Contemporary
J.J. Abrams,Media,Contemporary
Jordan Peele,Media,Contemporary
Barry Jenkins,Media,Contemporary
Bong Joon-ho,Media,Contemporary
Alfonso Cuarón,Media,Contemporary
Guillermo del Toro,Media,Contemporary
Alejandro González Iñárritu,Media,Contemporary
Denis Villeneuve,Media,Contemporary
Taika Waititi,Media,Contemporary
Greta Gerwig,Media,Contemporary
Chloé Zhao,Media,Contemporary
Emerald Fennell,Media,Contemporary
Jane Campion,Media,Contemporary
Spike Jonze,Media,Contemporary
Wes Anderson,Media,Contemporary
Paul Thomas Anderson,Media,Contemporary
David Fincher,Media,Contemporary
Darren Aronofsky,Media,Contemporary
Charlie Kaufman,Media,Contemporary
Aaron Sorkin,Media,Contemporary
Quentin Tarantino,Media,Contemporary
Christopher Nolan,Media,Contemporary
James Cameron,Media,Contemporary
Ridley Scott,Media,Contemporary
Peter Jackson,Media,Contemporary
George R.R. Martin,Literature,Contemporary
J.K. Rowling,Literature,Contemporary
Stephen King,Literature,Contemporary
Neil Gaiman,Literature,Contemporary
Terry Pratchett,Literature,Contemporary
Douglas Adams,Literature,Contemporary
Philip Pullman,Literature,Contemporary
Roald Dahl,Literature,Contemporary
Dr. Seuss,Literature,Modern
Maurice Sendak,Literature,Contemporary
Shel Silverstein,Literature,Contemporary
Eric Carle,Literature,Contemporary
Beatrix Potter,Literature,Modern
A.A. Milne,Literature,Modern
E.B. White,Literature,Contemporary
Beverly Cleary,Literature,Contemporary
Judy Blume,Literature,Contemporary
R.L. Stine,Literature,Contemporary
Jeff Kinney,Literature,Contemporary
Rick Riordan,Literature,Contemporary
Suzanne Collins,Literature,Contemporary
Veronica Roth,Literature,Contemporary
Cassandra Clare,Literature,Contemporary
Sarah J. Maas,Literature,Contemporary
Leigh Bardugo,Literature,Contemporary
V.E. Schwab,Literature,Contemporary
N.K. Jemisin,Literature,Contemporary
Ken Liu,Literature,Contemporary
Liu Cixin,Literature,Contemporary
Cixin Liu,Literature,Contemporary
Ted Chiang,Literature,Contemporary
Ann Leckie,Literature,Contemporary
Martha Wells,Literature,Contemporary
John Scalzi,Literature,Contemporary
Brandon Sanderson,Literature,Contemporary
Patrick Rothfuss,Literature,Contemporary
George R.R. Martin,Literature,Contemporary
Robin Hobb,Literature,Contemporary
Terry Brooks,Literature,Contemporary
Robert Jordan,Literature,Contemporary
Ursula K. Le Guin,Literature,Contemporary
Frank Herbert,Literature,Contemporary
Robert A. Heinlein,Literature,Contemporary
Arthur C. Clarke,Literature,Contemporary
Isaac Asimov,Literature,Contemporary
Ray Bradbury,Literature,Contemporary
Philip K. Dick,Literature,Contemporary
William Gibson,Literature,Contemporary
Neal Stephenson,Literature,Contemporary
Margaret Atwood,Literature,Contemporary
Octavia Butler,Literature,Contemporary
Samuel R. Delany,Literature,Contemporary
Harlan Ellison,Literature,Contemporary
Gene Wolfe,Literature,Contemporary
Roger Zelazny,Literature,Contemporary
Robert Silverberg,Literature,Contemporary
Larry Niven,Literature,Contemporary
Jerry Pournelle,Literature,Contemporary
Orson Scott Card,Literature,Contemporary
David Brin,Literature,Contemporary
Greg Bear,Literature,Contemporary
Kim Stanley Robinson,Literature,Contemporary
Iain M. Banks,Literature,Contemporary
Vernor Vinge,Literature,Contemporary
Alastair Reynolds,Literature,Contemporary
Peter F. Hamilton,Literature,Contemporary
Dan Simmons,Literature,Contemporary
China Miéville,Literature,Contemporary
Paolo Bacigalupi,Literature,Contemporary
Cory Doctorow,Literature,Contemporary
Charles Stross,Literature,Contemporary
John Brunner,Literature,Contemporary
J.G. Ballard,Literature,Contemporary
M. John Harrison,Literature,Contemporary
Gene Wolfe,Literature,Contemporary
Jack Vance,Literature,Contemporary
Fritz Leiber,Literature,Contemporary
Poul Anderson,Literature,Contemporary
C.L. Moore,Literature,Modern
Leigh Brackett,Literature,Contemporary
Andre Norton,Literature,Contemporary
James Tiptree Jr.,Literature,Contemporary
Joanna Russ,Literature,Contemporary
Connie Willis,Literature,Contemporary
Lois McMaster Bujold,Literature,Contemporary
C.J. Cherryh,Literature,Contemporary
Anne McCaffrey,Literature,Contemporary
Marion Zimmer Bradley,Literature,Contemporary
Mercedes Lackey,Literature,Contemporary
Tamora Pierce,Literature,Contemporary
Robin McKinley,Literature,Contemporary
Patricia A. McKillip,Literature,Contemporary
Guy Gavriel Kay,Literature,Contemporary
Jacqueline Carey,Literature,Contemporary
Naomi Novik,Literature,Contemporary
Susanna Clarke,Literature,Contemporary
Erin Morgenstern,Literature,Contemporary
Lev Grossman,Literature,Contemporary
Jonathan Strange,Literature,Contemporary
China Miéville,Literature,Contemporary
Felix Gilman,Literature,Contemporary
N.K. Jemisin,Literature,Contemporary
Nnedi Okorafor,Literature,Contemporary
Nalo Hopkinson,Literature,Contemporary
Tananarive Due,Literature,Contemporary
Steven Barnes,Literature,Contemporary
Charles R. Saunders,Literature,Contemporary
Tomi Adeyemi,Literature,Contemporary
P. Djèlí Clark,Literature,Contemporary
Rivers Solomon,Literature,Contemporary
Marlon James,Literature,Contemporary
Helen Oyeyemi,Literature,Contemporary
Yaa Gyasi,Literature,Contemporary
Chimamanda Ngozi Adichie,Literature,Contemporary
Teju Cole,Literature,Contemporary
NoViolet Bulawayo,Literature,Contemporary
Tsitsi Dangarembga,Literature,Contemporary
Ngugi wa Thiong'o,Literature,Contemporary
Wole Soyinka,Literature,Contemporary
Ben Okri,Literature,Contemporary
Ayi Kwei Armah,Literature,Contemporary
Ama Ata Aidoo,Literature,Contemporary
Bessie Head,Literature,Contemporary
Nadine Gordimer,Literature,Contemporary
J.M. Coetzee,Literature,Contemporary
André Brink,Literature,Contemporary
Athol Fugard,Literature,Contemporary
Damon Galgut,Literature,Contemporary
Lauren Beukes,Literature,Contemporary
Mohsin Hamid,Literature,Contemporary
Kamila Shamsie,Literature,Contemporary
Mohammed Hanif,Literature,Contemporary
Bapsi Sidhwa,Literature,Contemporary
Shashi Tharoor,Literature,Contemporary
Amitav Ghosh,Literature,Contemporary
Vikram Seth,Literature,Contemporary
Arundhati Roy,Literature,Contemporary
Kiran Desai,Literature,Contemporary
Jhumpa Lahiri,Literature,Contemporary
Anita Desai,Literature,Contemporary
R.K. Narayan,Literature,Contemporary
Raja Rao,Literature,Contemporary
Mulk Raj Anand,Literature,Contemporary
Salman Rushdie,Literature,Contemporary
V.S. Naipaul,Literature,Contemporary
Derek Walcott,Literature,Contemporary
Jamaica Kincaid,Literature,Contemporary
Edwidge Danticat,Literature,Contemporary
Junot Díaz,Literature,Contemporary
Sandra Cisneros,Literature,Contemporary
Isabel Allende,Literature,Contemporary
Mario Vargas Llosa,Literature,Contemporary
Carlos Fuentes,Literature,Contemporary
Octavio Paz,Literature,Contemporary
Pablo Neruda,Literature,Modern
Jorge Luis Borges,Literature,Modern
Julio Cortázar,Literature,Contemporary
Roberto Bolaño,Literature,Contemporary
César Aira,Literature,Contemporary
Clarice Lispector,Literature,Contemporary
Machado de Assis,Literature,Modern
João Guimarães Rosa,Literature,Contemporary
Jorge Amado,Literature,Contemporary
Paulo Coelho,Literature,Contemporary
Laura Esquivel,Literature,Contemporary
Elena Poniatowska,Literature,Contemporary
Juan Rulfo,Literature,Contemporary
Elena Garro,Literature,Contemporary
Rosario Castellanos,Literature,Contemporary
Sor Juana Inés de la Cruz,Literature,Early Modern
José Martí,Literature,Modern
Rubén Darío,Literature,Modern
Gabriela Mistral,Literature,Modern
Alfonsina Storni,Literature,Modern
Alejandra Pizarnik,Literature,Contemporary
Claribel Alegría,Literature,Contemporary
Gioconda Belli,Literature,Contemporary
Ernesto Cardenal,Literature,Contemporary
Sergio Ramírez,Literature,Contemporary
Horacio Quiroga,Literature,Modern
Alejo Carpentier,Literature,Contemporary
Miguel Ángel Asturias,Literature,Contemporary
José Donoso,Literature,Contemporary
Manuel Puig,Literature,Contemporary
Ricardo Piglia,Literature,Contemporary
Tomás Eloy Martínez,Literature,Contemporary
Adolfo Bioy Casares,Literature,Contemporary
Silvina Ocampo,Literature,Contemporary
Luisa Valenzuela,Literature,Contemporary
José Lezama Lima,Literature,Contemporary
Guillermo Cabrera Infante,Literature,Contemporary
Severo Sarduy,Literature,Contemporary
Reinaldo Arenas,Literature,Contemporary
Cristina García,Literature,Contemporary
Oscar Hijuelos,Literature,Contemporary
Julia Alvarez,Literature,Contemporary
Cristina Rivera Garza,Literature,Contemporary
Valeria Luiselli,Literature,Contemporary
Fernanda Melchor,Literature,Contemporary
Samanta Schweblin,Literature,Contemporary
Mariana Enriquez,Literature,Contemporary
Pola Oloixarac,Literature,Contemporary
Yuri Herrera,Literature,Contemporary
Juan Pablo Villalobos,Literature,Contemporary
Álvaro Enrigue,Literature,Contemporary
Daniel Saldaña París,Literature,Contemporary
Guadalupe Nettel,Literature,Contemporary
Alejandro Zambra,Literature,Contemporary
Paulina Flores,Literature,Contemporary
Alia Trabucco Zerán,Literature,Contemporary
Nona Fernández,Literature,Contemporary
Diamela Eltit,Literature,Contemporary
Carla Guelfenbein,Literature,Contemporary
Antonio Skármeta,Literature,Contemporary
José Saramago,Literature,Contemporary
António Lobo Antunes,Literature,Contemporary
Fernando Pessoa,Literature,Modern
Eça de Queirós,Literature,Modern
Camilo José Cela,Literature,Contemporary
Carmen Laforet,Literature,Contemporary
Juan Goytisolo,Literature,Contemporary
Javier Marías,Literature,Contemporary
Enrique Vila-Matas,Literature,Contemporary
Antonio Muñoz Molina,Literature,Contemporary
Arturo Pérez-Reverte,Literature,Contemporary
Rosa Montero,Literature,Contemporary
Almudena Grandes,Literature,Contemporary
Elvira Lindo,Literature,Contemporary
Clara Sánchez,Literature,Contemporary
Carmen Mola,Literature,Contemporary
Dolores Redondo,Literature,Contemporary
Albert Camus,Literature,Modern
André Gide,Literature,Modern
Jean-Paul Sartre,Literature,Modern
Simone de Beauvoir,Literature,Modern
Marcel Proust,Literature,Modern
Colette,Literature,Modern
André Malraux,Literature,Modern
Louis Aragon,Literature,Modern
Paul Éluard,Literature,Modern
Jacques Prévert,Literature,Modern
Boris Vian,Literature,Contemporary
Raymond Queneau,Literature,Contemporary
Georges Perec,Literature,Contemporary
Marguerite Duras,Literature,Contemporary
Nathalie Sarraute,Literature,Contemporary
Alain Robbe-Grillet,Literature,Contemporary
Michel Butor,Literature,Contemporary
Claude Simon,Literature,Contemporary
Patrick Modiano,Literature,Contemporary
J.M.G. Le Clézio,Literature,Contemporary
Annie Ernaux,Literature,Contemporary
Delphine de Vigan,Literature,Contemporary
Leïla Slimani,Literature,Contemporary
Virginie Despentes,Literature,Contemporary
Marie NDiaye,Literature,Contemporary
Éric-Emmanuel Schmitt,Literature,Contemporary
Michel Houellebecq,Literature,Contemporary
Emmanuel Carrère,Literature,Contemporary
Édouard Louis,Literature,Contemporary
Édouard Molinaro,Film,Contemporary
François Truffaut,Film,Contemporary
Jean-Luc Godard,Film,Contemporary
Alain Resnais,Film,Contemporary
Claude Chabrol,Film,Contemporary
Éric Rohmer,Film,Contemporary
Jacques Rivette,Film,Contemporary
Louis Malle,Film,Contemporary
Jean Renoir,Film,Modern
Robert Bresson,Film,Contemporary
Jacques Tati,Film,Contemporary
Jean-Pierre Melville,Film,Contemporary
Agnès Varda,Film,Contemporary
Claire Denis,Film,Contemporary
Catherine Breillat,Film,Contemporary
Céline Sciamma,Film,Contemporary
Mia Hansen-Løve,Film,Contemporary
Rebecca Zlotowski,Film,Contemporary
Julia Ducournau,Film,Contemporary
Justine Triet,Film,Contemporary
Federico Fellini,Film,Contemporary
Michelangelo Antonioni,Film,Contemporary
Luchino Visconti,Film,Contemporary
Vittorio De Sica,Film,Contemporary
Roberto Rossellini,Film,Contemporary
Pier Paolo Pasolini,Film,Contemporary
Bernardo Bertolucci,Film,Contemporary
Paolo Sorrentino,Film,Contemporary
Matteo Garrone,Film,Contemporary
Alice Rohrwacher,Film,Contemporary
Roberto Benigni,Film,Contemporary
Giuseppe Tornatore,Film,Contemporary
Ingmar Bergman,Film,Contemporary
Carl Theodor Dreyer,Film,Modern
Victor Sjöström,Film,Modern
Ruben Östlund,Film,Contemporary
Roy Andersson,Film,Contemporary
Lukas Moodysson,Film,Contemporary
Lars von Trier,Film,Contemporary
Thomas Vinterberg,Film,Contemporary
Susanne Bier,Film,Contemporary
Nicolas Winding Refn,Film,Contemporary
Fritz Lang,Film,Modern
F.W. Murnau,Film,Modern
Ernst Lubitsch,Film,Modern
G.W. Pabst,Film,Modern
Rainer Werner Fassbinder,Film,Contemporary
Wim Wenders,Film,Contemporary
Werner Herzog,Film,Contemporary
Volker Schlöndorff,Film,Contemporary
Margarethe von Trotta,Film,Contemporary
Tom Tykwer,Film,Contemporary
Michael Haneke,Film,Contemporary
Christian Petzold,Film,Contemporary
Maren Ade,Film,Contemporary
Fatih Akin,Film,Contemporary
Julia von Heinz,Film,Contemporary
Andrei Tarkovsky,Film,Contemporary
Sergei Eisenstein,Film,Modern
Dziga Vertov,Film,Modern
Alexander Sokurov,Film,Contemporary
Andrei Zvyagintsev,Film,Contemporary
Elem Klimov,Film,Contemporary
Larisa Shepitko,Film,Contemporary
Kira Muratova,Film,Contemporary
Kaneto Shindo,Film,Contemporary
Yasujirō Ozu,Film,Contemporary
Kenji Mizoguchi,Film,Modern
Mikio Naruse,Film,Contemporary
Nagisa Ōshima,Film,Contemporary
Shohei Imamura,Film,Contemporary
Hirokazu Kore-eda,Film,Contemporary
Takeshi Kitano,Film,Contemporary
Ryusuke Hamaguchi,Film,Contemporary
Naomi Kawase,Film,Contemporary
Shunji Iwai,Film,Contemporary
Makoto Shinkai,Film,Contemporary
Hayao Miyazaki,Film,Contemporary
Isao Takahata,Film,Contemporary
Mamoru Hosoda,Film,Contemporary
Satoshi Kon,Film,Contemporary
Park Chan-wook,Film,Contemporary
Lee Chang-dong,Film,Contemporary
Hong Sang-soo,Film,Contemporary
Kim Ki-duk,Film,Contemporary
Im Kwon-taek,Film,Contemporary
Wong Kar-wai,Film,Contemporary
Ang Lee,Film,Contemporary
Hou Hsiao-hsien,Film,Contemporary
Edward Yang,Film,Contemporary
Tsai Ming-liang,Film,Contemporary
Jia Zhangke,Film,Contemporary
Zhang Yimou,Film,Contemporary
Chen Kaige,Film,Contemporary
Tian Zhuangzhuang,Film,Contemporary
Lou Ye,Film,Contemporary
Wang Bing,Film,Contemporary
Bi Gan,Film,Contemporary
Apichatpong Weerasethakul,Film,Contemporary
Lav Diaz,Film,Contemporary
Brillante Mendoza,Film,Contemporary
Satyajit Ray,Film,Contemporary
Ritwik Ghatak,Film,Contemporary
Mrinal Sen,Film,Contemporary
Adoor Gopalakrishnan,Film,Contemporary
Shyam Benegal,Film,Contemporary
Mani Ratnam,Film,Contemporary
Abbas Kiarostami,Film,Contemporary
Mohsen Makhmalbaf,Film,Contemporary
Jafar Panahi,Film,Contemporary
Asghar Farhadi,Film,Contemporary
Majid Majidi,Film,Contemporary
Samira Makhmalbaf,Film,Contemporary
Youssef Chahine,Film,Contemporary
Ousmane Sembène,Film,Contemporary
Djibril Diop Mambéty,Film,Contemporary
Souleymane Cissé,Film,Contemporary
Idrissa Ouedraogo,Film,Contemporary
Abderrahmane Sissako,Film,Contemporary
Mahamat-Saleh Haroun,Film,Contemporary
Mati Diop,Film,Contemporary
Wanuri Kahiu,Film,Contemporary
Walter Rodney,Activism,Contemporary
Steve Biko,Activism,Contemporary
Patrice Lumumba,Politics,Contemporary
Kwame Nkrumah,Politics,Contemporary
Julius Nyerere,Politics,Contemporary
Thomas Sankara,Politics,Contemporary
Haile Selassie,Politics,Modern
Jomo Kenyatta,Politics,Contemporary
Kenneth Kaunda,Politics,Contemporary
Robert Mugabe,Politics,Contemporary
Desmond Tutu,Activism,Contemporary
Thabo Mbeki,Politics,Contemporary
Cyril Ramaphosa,Politics,Contemporary
Ellen Johnson Sirleaf,Politics,Contemporary
Wangari Maathai,Activism,Contemporary
Leymah Gbowee,Activism,Contemporary
Kofi Annan,Politics,Contemporary
Boutros Boutros-Ghali,Politics,Contemporary
Amina J. Mohammed,Politics,Contemporary
Nkosazana Dlamini-Zuma,Politics,Contemporary
Graça Machel,Activism,Contemporary
Yasser Arafat,Politics,Contemporary
Mahmoud Abbas,Politics,Contemporary
Golda Meir,Politics,Contemporary
Yitzhak Rabin,Politics,Contemporary
Shimon Peres,Politics,Contemporary
Benjamin Netanyahu,Politics,Contemporary
Menachem Begin,Politics,Contemporary
David Ben-Gurion,Politics,Contemporary
Gamal Abdel Nasser,Politics,Contemporary
Anwar Sadat,Politics,Contemporary
Hosni Mubarak,Politics,Contemporary
Muammar Gaddafi,Politics,Contemporary
Habib Bourguiba,Politics,Contemporary
Mohammed V of Morocco,Politics,Contemporary
Hassan II of Morocco,Politics,Contemporary
Mohammed VI of Morocco,Politics,Contemporary
King Abdullah II,Politics,Contemporary
Queen Rania of Jordan,Politics,Contemporary
Sheikh Zayed bin Sultan Al Nahyan,Politics,Contemporary
Mohammed bin Rashid Al Maktoum,Politics,Contemporary
Mohammed bin Salman,Politics,Contemporary
Recep Tayyip Erdoğan,Politics,Contemporary
Mustafa Kemal Atatürk,Politics,Modern
İsmet İnönü,Politics,Contemporary
Turgut Özal,Politics,Contemporary
Mohammad Mosaddegh,Politics,Contemporary
Mohammad Reza Pahlavi,Politics,Contemporary
Ruhollah Khomeini,Politics,Contemporary
Ali Khamenei,Politics,Contemporary
Hassan Rouhani,Politics,Contemporary
Mohammad Khatami,Politics,Contemporary
Akbar Hashemi Rafsanjani,Politics,Contemporary
Benazir Bhutto,Politics,Contemporary
Zulfikar Ali Bhutto,Politics,Contemporary
Muhammad Ali Jinnah,Politics,Modern
Liaquat Ali Khan,Politics,Contemporary
Ayub Khan,Politics,Contemporary
Pervez Musharraf,Politics,Contemporary
Imran Khan,Politics,Contemporary
Asif Ali Zardari,Politics,Contemporary
Nawaz Sharif,Politics,Contemporary
Malala Yousafzai,Activism,Contemporary
Abdul Sattar Edhi,Activism,Contemporary
Jawaharlal Nehru,Politics,Contemporary
Indira Gandhi,Politics,Contemporary
Rajiv Gandhi,Politics,Contemporary
Atal Bihari Vajpayee,Politics,Contemporary
Manmohan Singh,Politics,Contemporary
Narendra Modi,Politics,Contemporary
Sardar Vallabhbhai Patel,Politics,Contemporary
B.R. Ambedkar,Politics,Contemporary
Subhas Chandra Bose,Politics,Contemporary
Lal Bahadur Shastri,Politics,Contemporary
V.P. Singh,Politics,Contemporary
P.V. Narasimha Rao,Politics,Contemporary
Mother Teresa,Activism,Contemporary
Vinoba Bhave,Activism,Contemporary
Jayaprakash Narayan,Activism,Contemporary
Ram Manohar Lohia,Activism,Contemporary
Anna Hazare,Activism,Contemporary
Medha Patkar,Activism,Contemporary
Aruna Roy,Activism,Contemporary
Kiran Bedi,Politics,Contemporary
Aung San Suu Kyi,Politics,Contemporary
U Thant,Politics,Contemporary
Ne Win,Politics,Contemporary
Sukarno,Politics,Contemporary
Suharto,Politics,Contemporary
Megawati Sukarnoputri,Politics,Contemporary
Joko Widodo,Politics,Contemporary
Lee Kuan Yew,Politics,Contemporary
Goh Chok Tong,Politics,Contemporary
Lee Hsien Loong,Politics,Contemporary
Mahathir Mohamad,Politics,Contemporary
Anwar Ibrahim,Politics,Contemporary
Corazon Aquino,Politics,Contemporary
Ferdinand Marcos,Politics,Contemporary
Benigno Aquino III,Politics,Contemporary
Rodrigo Duterte,Politics,Contemporary
Ho Chi Minh,Politics,Contemporary
Vo Nguyen Giap,Military,Contemporary
Ngo Dinh Diem,Politics,Contemporary
Kim Il-sung,Politics,Contemporary
Kim Jong-il,Politics,Contemporary
Kim Jong-un,Politics,Contemporary
Park Chung-hee,Politics,Contemporary
Kim Dae-jung,Politics,Contemporary
Roh Moo-hyun,Politics,Contemporary
Moon Jae-in,Politics,Contemporary
Mao Zedong,Politics,Contemporary
Zhou Enlai,Politics,Contemporary
Deng Xiaoping,Politics,Contemporary
Jiang Zemin,Politics,Contemporary
Hu Jintao,Politics,Contemporary
Xi Jinping,Politics,Contemporary
Chiang Kai-shek,Politics,Contemporary
Sun Yat-sen,Politics,Modern
Soong Ching-ling,Politics,Contemporary
Dalai Lama,Religion,Contemporary
Tenzin Gyatso,Religion,Contemporary
Thích Nhất Hạnh,Religion,Contemporary
Shunryu Suzuki,Religion,Contemporary
D.T. Suzuki,Religion,Contemporary
Alan Watts,Philosophy,Contemporary
Joseph Campbell,Mythology,Contemporary
Mircea Eliade,Religion,Contemporary
Karen Armstrong,Religion,Contemporary
Huston Smith,Religion,Contemporary
Reza Aslan,Religion,Contemporary
Deepak Chopra,Spirituality,Contemporary
Eckhart Tolle,Spirituality,Contemporary
Paulo Coelho,Literature,Contemporary
Ram Dass,Spirituality,Contemporary
Pema Chödrön,Religion,Contemporary
Jack Kornfield,Religion,Contemporary
Sharon Salzberg,Religion,Contemporary
Jon Kabat-Zinn,Medicine,Contemporary
Matthieu Ricard,Religion,Contemporary
Sam Harris,Philosophy,Contemporary
Daniel Dennett,Philosophy,Contemporary
Richard Dawkins,Science,Contemporary
Christopher Hitchens,Journalism,Contemporary
Steven Pinker,Psychology,Contemporary
Frans de Waal,Primatology,Contemporary
Jane Goodall,Primatology,Contemporary
Dian Fossey,Primatology,Contemporary
Biruté Galdikas,Primatology,Contemporary
Robert Sapolsky,Neuroscience,Contemporary
Oliver Sacks,Neuroscience,Contemporary
V.S. Ramachandran,Neuroscience,Contemporary
Antonio Damasio,Neuroscience,Contemporary
Michael Gazzaniga,Neuroscience,Contemporary
Patricia Churchland,Neuroscience,Contemporary
Paul Churchland,Philosophy,Contemporary
Thomas Nagel,Philosophy,Contemporary
John Searle,Philosophy,Contemporary
Hilary Putnam,Philosophy,Contemporary
Saul Kripke,Philosophy,Contemporary
David Lewis,Philosophy,Contemporary
Ruth Barcan Marcus,Philosophy,Contemporary
Martha Nussbaum,Philosophy,Contemporary
Christine Korsgaard,Philosophy,Contemporary
Susan Haack,Philosophy,Contemporary
Linda Zagzebski,Philosophy,Contemporary
Alvin Plantinga,Philosophy,Contemporary
Peter van Inwagen,Philosophy,Contemporary
David Chalmers,Philosophy,Contemporary
Frank Jackson,Philosophy,Contemporary
Daniel Dennett,Philosophy,Contemporary
Patricia Churchland,Philosophy,Contemporary
Paul Churchland,Philosophy,Contemporary
Wilfrid Sellars,Philosophy,Contemporary
W.V.O. Quine,Philosophy,Contemporary
Donald Davidson,Philosophy,Contemporary
Alasdair MacIntyre,Philosophy,Contemporary
Charles Taylor,Philosophy,Contemporary
Michael Sandel,Philosophy,Contemporary
John Rawls,Philosophy,Contemporary
Robert Nozick,Philosophy,Contemporary
G.A. Cohen,Philosophy,Contemporary
Ronald Dworkin,Philosophy,Contemporary
Joseph Raz,Philosophy,Contemporary
Jeremy Waldron,Philosophy,Contemporary
Thomas Pogge,Philosophy,Contemporary
Peter Singer,Philosophy,Contemporary
Derek Parfit,Philosophy,Contemporary
Bernard Williams,Philosophy,Contemporary
Philippa Foot,Philosophy,Contemporary
G.E.M. Anscombe,Philosophy,Contemporary
Michael Walzer,Philosophy,Contemporary
Seyla Benhabib,Philosophy,Contemporary
Nancy Fraser,Philosophy,Contemporary
Axel Honneth,Philosophy,Contemporary
Jürgen Habermas,Philosophy,Contemporary
Theodor Adorno,Philosophy,Modern
Max Horkheimer,Philosophy,Modern
Herbert Marcuse,Philosophy,Contemporary
Erich Fromm,Psychology,Contemporary
Wilhelm Reich,Psychology,Contemporary
R.D. Laing,Psychology,Contemporary
Thomas Szasz,Psychology,Contemporary
Michel Foucault,Philosophy,Contemporary
Gilles Deleuze,Philosophy,Contemporary
Félix Guattari,Philosophy,Contemporary
Jean Baudrillard,Philosophy,Contemporary
Jean-François Lyotard,Philosophy,Contemporary
Jacques Lacan,Psychology,Contemporary
Julia Kristeva,Philosophy,Contemporary
Luce Irigaray,Philosophy,Contemporary
Hélène Cixous,Philosophy,Contemporary
Gayatri Chakravorty Spivak,Philosophy,Contemporary
Edward Said,Literary Criticism,Contemporary
Homi K. Bhabha,Literary Criticism,Contemporary
Stuart Hall,Cultural Studies,Contemporary
Raymond Williams,Cultural Studies,Contemporary
Terry Eagleton,Literary Criticism,Contemporary
Fredric Jameson,Literary Criticism,Contemporary
Judith Butler,Philosophy,Contemporary
Eve Kosofsky Sedgwick,Literary Criticism,Contemporary
Lauren Berlant,Literary Criticism,Contemporary
Sara Ahmed,Philosophy,Contemporary
Jack Halberstam,Literary Criticism,Contemporary
José Esteban Muñoz,Performance Studies,Contemporary
bell hooks,Activism,Contemporary
Angela Davis,Activism,Contemporary
Audre Lorde,Literature,Contemporary
Kimberlé Crenshaw,Law,Contemporary
Patricia Hill Collins,Sociology,Contemporary
Barbara Smith,Activism,Contemporary
Cherríe Moraga,Literature,Contemporary
Gloria Anzaldúa,Literature,Contemporary
Chela Sandoval,Feminism,Contemporary
María Lugones,Philosophy,Contemporary
Sylvia Wynter,Philosophy,Contemporary
Katherine McKittrick,Geography,Contemporary
Saidiya Hartman,History,Contemporary
Christina Sharpe,Literary Criticism,Contemporary
Fred Moten,Literary Criticism,Contemporary
Édouard Glissant,Philosophy,Contemporary
Achille Mbembe,Philosophy,Contemporary
Ngũgĩ wa Thiong'o,Literature,Contemporary
Oyèrónkẹ́ Oyěwùmí,Sociology,Contemporary
Nkiru Nzegwu,Philosophy,Contemporary
Valentin Mudimbe,Philosophy,Contemporary
Paul Gilroy,Cultural Studies,Contemporary
Stuart Hall,Cultural Studies,Contemporary
Dick Hebdige,Cultural Studies,Contemporary
Angela McRobbie,Cultural Studies,Contemporary
Judith Williamson,Cultural Studies,Contemporary
Laura Mulvey,Film Theory,Contemporary
Annette Kuhn,Film Theory,Contemporary
Carol J. Clover,Film Theory,Contemporary
Linda Williams,Film Theory,Contemporary
Mary Ann Doane,Film Theory,Contemporary
Kaja Silverman,Film Theory,Contemporary
Miriam Hansen,Film Theory,Contemporary
Tom Gunning,Film Theory,Contemporary
Siegfried Kracauer,Film Theory,Modern
André Bazin,Film Theory,Contemporary
Christian Metz,Film Theory,Contemporary
David Bordwell,Film Theory,Contemporary
Kristin Thompson,Film Theory,Contemporary
Noel Burch,Film Theory,Contemporary
Gilles Deleuze,Film Theory,Contemporary
Slavoj Žižek,Philosophy,Contemporary
Alain Badiou,Philosophy,Contemporary
Antonio Negri,Philosophy,Contemporary
Giorgio Agamben,Philosophy,Contemporary
Roberto Esposito,Philosophy,Contemporary
Rosi Braidotti,Philosophy,Contemporary
Donna Haraway,Philosophy,Contemporary
Karen Barad,Philosophy,Contemporary
Bruno Latour,Philosophy,Contemporary
Isabelle Stengers,Philosophy,Contemporary
Jane Bennett,Philosophy,Contemporary
Timothy Morton,Philosophy,Contemporary
Graham Harman,Philosophy,Contemporary
Quentin Meillassoux,Philosophy,Contemporary
Ray Brassier,Philosophy,Contemporary
Iain Hamilton Grant,Philosophy,Contemporary
Eugene Thacker,Philosophy,Contemporary
Reza Negarestani,Philosophy,Contemporary
Nick Land,Philosophy,Contemporary
Mark Fisher,Cultural Theory,Contemporary
Franco Berardi,Philosophy,Contemporary
Paul Virilio,Philosophy,Contemporary
Jean Baudrillard,Philosophy,Contemporary
Guy Debord,Philosophy,Contemporary
Raoul Vaneigem,Philosophy,Contemporary
Henri Lefebvre,Philosophy,Contemporary
Manuel Castells,Sociology,Contemporary
Zygmunt Bauman,Sociology,Contemporary
Ulrich Beck,Sociology,Contemporary
Anthony Giddens,Sociology,Contemporary
Saskia Sassen,Sociology,Contemporary
Arjun Appadurai,Anthropology,Contemporary
Homi Bhabha,Literary Theory,Contemporary
Dipesh Chakrabarty,History,Contemporary
Partha Chatterjee,Political Science,Contemporary
Ranajit Guha,History,Contemporary
Gyan Prakash,History,Contemporary
Gayatri Spivak,Literary Theory,Contemporary
Chandra Talpade Mohanty,Feminism,Contemporary
Lila Abu-Lughod,Anthropology,Contemporary
Saba Mahmood,Anthropology,Contemporary
Talal Asad,Anthropology,Contemporary
Clifford Geertz,Anthropology,Contemporary
Sherry Ortner,Anthropology,Contemporary
Marshall Sahlins,Anthropology,Contemporary
Claude Lévi-Strauss,Anthropology,Contemporary
Margaret Mead,Anthropology,Contemporary
Ruth Benedict,Anthropology,Contemporary
Franz Boas,Anthropology,Modern
Bronisław Malinowski,Anthropology,Modern
A.R. Radcliffe-Brown,Anthropology,Modern
E.E. Evans-Pritchard,Anthropology,Contemporary
Mary Douglas,Anthropology,Contemporary
Victor Turner,Anthropology,Contemporary
Clifford Geertz,Anthropology,Contemporary
James Clifford,Anthropology,Contemporary
George Marcus,Anthropology,Contemporary
Michael Taussig,Anthropology,Contemporary
Anna Tsing,Anthropology,Contemporary
Marilyn Strathern,Anthropology,Contemporary
Eduardo Viveiros de Castro,Anthropology,Contemporary
Philippe Descola,Anthropology,Contemporary
Tim Ingold,Anthropology,Contemporary
David Graeber,Anthropology,Contemporary
Jason Hickel,Anthropology,Contemporary
Raj Patel,Economics,Contemporary
Kate Raworth,Economics,Contemporary
Mariana Mazzucato,Economics,Contemporary
Stephanie Kelton,Economics,Contemporary
Joseph Stiglitz,Economics,Contemporary
Paul Krugman,Economics,Contemporary
Thomas Piketty,Economics,Contemporary
Gabriel Zucman,Economics,Contemporary
Emmanuel Saez,Economics,Contemporary
Abhijit Banerjee,Economics,Contemporary
Esther Duflo,Economics,Contemporary
Angus Deaton,Economics,Contemporary
Richard Thaler,Economics,Contemporary
Cass Sunstein,Law,Contemporary
Sendhil Mullainathan,Economics,Contemporary
Eldar Shafir,Psychology,Contemporary
Daniel Kahneman,Psychology,Contemporary
Amos Tversky,Psychology,Contemporary
Herbert Simon,Psychology,Contemporary
Gerd Gigerenzer,Psychology,Contemporary
Dan Ariely,Economics,Contemporary
Robert Cialdini,Psychology,Contemporary
Angela Duckworth,Psychology,Contemporary
Carol Dweck,Psychology,Contemporary
Martin Seligman,Psychology,Contemporary
Mihaly Csikszentmihalyi,Psychology,Contemporary
Roy Baumeister,Psychology,Contemporary
Jonathan Haidt,Psychology,Contemporary
Paul Bloom,Psychology,Contemporary
Susan Fiske,Psychology,Contemporary
Shelley Taylor,Psychology,Contemporary
Ellen Langer,Psychology,Contemporary
Albert Bandura,Psychology,Contemporary
Walter Mischel,Psychology,Contemporary
Jerome Kagan,Psychology,Contemporary
Eleanor Maccoby,Psychology,Contemporary
John Bowlby,Psychology,Contemporary
Mary Ainsworth,Psychology,Contemporary
Diana Baumrind,Psychology,Contemporary
Urie Bronfenbrenner,Psychology,Contemporary
Lev Vygotsky,Psychology,Modern
Alexander Luria,Psychology,Modern
Kurt Lewin,Psychology,Modern
Leon Festinger,Psychology,Contemporary
Stanley Milgram,Psychology,Contemporary
Solomon Asch,Psychology,Contemporary
Muzafer Sherif,Psychology,Contemporary
Henri Tajfel,Psychology,Contemporary
John Turner,Psychology,Contemporary
Michael Hogg,Psychology,Contemporary
Dominic Abrams,Psychology,Contemporary
Susan Fiske,Psychology,Contemporary
Shelley Taylor,Psychology,Contemporary
Anthony Greenwald,Psychology,Contemporary
Mahzarin Banaji,Psychology,Contemporary
Brian Nosek,Psychology,Contemporary
Claude Steele,Psychology,Contemporary
Joshua Aronson,Psychology,Contemporary
Geoffrey Cohen,Psychology,Contemporary
Gregory Walton,Psychology,Contemporary
David Yeager,Psychology,Contemporary
Jason Okonofua,Psychology,Contemporary
Jennifer Eberhardt,Psychology,Contemporary
Phillip Atiba Goff,Psychology,Contemporary
Calvin Lai,Psychology,Contemporary
Dolly Chugh,Business,Contemporary
Iris Bohnet,Economics,Contemporary
Joan Williams,Law,Contemporary
Cecilia Ridgeway,Sociology,Contemporary
Shelley Correll,Sociology,Contemporary
Sarah Thébaud,Sociology,Contemporary
Paula England,Sociology,Contemporary
Barbara Risman,Sociology,Contemporary
Michael Kimmel,Sociology,Contemporary
Raewyn Connell,Sociology,Contemporary
Jack Halberstam,Gender Studies,Contemporary
Dean Spade,Law,Contemporary
Susan Stryker,Gender Studies,Contemporary
Sandy Stone,Gender Studies,Contemporary
Kate Bornstein,Gender Studies,Contemporary
Leslie Feinberg,Activism,Contemporary
Sylvia Rivera,Activism,Contemporary
Marsha P. Johnson,Activism,Contemporary
Larry Kramer,Activism,Contemporary
Harvey Milk,Politics,Contemporary
Bayard Rustin,Activism,Contemporary
James Baldwin,Literature,Contemporary
Audre Lorde,Literature,Contemporary
Adrienne Rich,Literature,Contemporary
Gloria E. Anzaldúa,Literature,Contemporary
Cherríe Moraga,Literature,Contemporary
Dorothy Allison,Literature,Contemporary
Sarah Waters,Literature,Contemporary
Jeanette Winterson,Literature,Contemporary
Ali Smith,Literature,Contemporary
Maggie Nelson,Literature,Contemporary
Ocean Vuong,Literature,Contemporary
Carmen Maria Machado,Literature,Contemporary
Torrey Peters,Literature,Contemporary
Akwaeke Emezi,Literature,Contemporary
Casey Plett,Literature,Contemporary
Imogen Binnie,Literature,Contemporary
Jordy Rosenberg,Literature,Contemporary
Paul B. Preciado,Philosophy,Contemporary
Jack Halberstam,Literary Theory,Contemporary
José Esteban Muñoz,Performance Studies,Contemporary
Sara Ahmed,Philosophy,Contemporary
Lauren Berlant,Literary Theory,Contemporary
Eve Kosofsky Sedgwick,Literary Theory,Contemporary
Michael Warner,Literary Theory,Contemporary
Lee Edelman,Literary Theory,Contemporary
Heather Love,Literary Theory,Contemporary
Ann Cvetkovich,Cultural Studies,Contemporary
Elizabeth Freeman,Literary Theory,Contemporary
Jasbir Puar,Gender Studies,Contemporary
Roderick Ferguson,Gender Studies,Contemporary
Siobhan Somerville,Gender Studies,Contemporary
Nayan Shah,History,Contemporary
Martin Manalansan,Anthropology,Contemporary
Gayatri Gopinath,Gender Studies,Contemporary
Jennifer Tyburczy,Performance Studies,Contemporary
Tavia Nyong'o,Performance Studies,Contemporary
Amber Jamilla Musser,Gender Studies,Contemporary
C. Riley Snorton,Gender Studies,Contemporary
Jules Gill-Peterson,History,Contemporary
Susan Stryker,Gender Studies,Contemporary
Kadji Amin,Gender Studies,Contemporary
Julian Carter,History,Contemporary
Jen Manion,History,Contemporary
Greta LaFleur,English,Contemporary
Marcia Ochoa,Anthropology,Contemporary
Trystan Cotten,Gender Studies,Contemporary
Gayle Salamon,Philosophy,Contemporary
Eva Hayward,Gender Studies,Contemporary
Mel Y. Chen,Gender Studies,Contemporary
Zakiyyah Iman Jackson,English,Contemporary
Hortense Spillers,English,Contemporary
Fred Moten,Performance Studies,Contemporary
Christina Sharpe,English,Contemporary
Tiffany Lethabo King,Gender Studies,Contemporary
Jennifer Nash,Gender Studies,Contemporary
Omise'eke Natasha Tinsley,English,Contemporary
Kara Keeling,Cinema Studies,Contemporary
Terrion Williamson,English,Contemporary
L.H. Stallings,English,Contemporary
Marlon Bailey,Gender Studies,Contemporary
Matt Richardson,Gender Studies,Contemporary
LaMonda Horton-Stallings,English,Contemporary
Alexis Pauline Gumbs,English,Contemporary
Moya Bailey,Gender Studies,Contemporary
Darnell Moore,Activism,Contemporary
Reina Gossett,Activism,Contemporary
Tourmaline,Film,Contemporary
Saidiya Hartman,History,Contemporary
Christina Sharpe,English,Contemporary
Katherine McKittrick,Geography,Contemporary
Dionne Brand,Literature,Contemporary
M. NourbeSe Philip,Literature,Contemporary
Edouard Glissant,Philosophy,Contemporary
Sylvia Wynter,Philosophy,Contemporary
Ngugi wa Thiong'o,Literature,Contemporary
Achille Mbembe,Philosophy,Contemporary
V.Y. Mudimbe,Philosophy,Contemporary
Oyeronke Oyewumi,Sociology,Contemporary
Nkiru Nzegwu,Philosophy,Contemporary
Lewis Gordon,Philosophy,Contemporary
Jane Anna Gordon,Philosophy,Contemporary
Nelson Maldonado-Torres,Philosophy,Contemporary
Walter Mignolo,Semiotics,Contemporary
Aníbal Quijano,Sociology,Contemporary
Enrique Dussel,Philosophy,Contemporary
María Lugones,Philosophy,Contemporary
Chela Sandoval,Chicana Studies,Contemporary
Emma Pérez,History,Contemporary
Deena González,History,Contemporary
Antonia Castañeda,History,Contemporary
Norma Alarcón,Chicana Studies,Contemporary
Sonia Saldívar-Hull,Chicana Studies,Contemporary
Yvonne Yarbro-Bejarano,Chicana Studies,Contemporary
Alicia Gaspar de Alba,Chicana Studies,Contemporary
Deborah Vargas,Chicana Studies,Contemporary
Laura Pérez,Chicana Studies,Contemporary
Catrióna Rueda Esquibel,Chicana Studies,Contemporary
Luz Calvo,Ethnic Studies,Contemporary
Catriona Rueda Esquibel,Chicana Studies,Contemporary
Angie Chabram-Dernersesian,Chicana Studies,Contemporary
Rosa Linda Fregoso,Chicana Studies,Contemporary
Aída Hurtado,Chicana Studies,Contemporary
Patricia Zavella,Anthropology,Contemporary
Denise Segura,Sociology,Contemporary
Pierrette Hondagneu-Sotelo,Sociology,Contemporary
Grace Hong,Gender Studies,Contemporary
Nadia Kim,Sociology,Contemporary
Claire Jean Kim,Political Science,Contemporary
Yen Le Espiritu,Ethnic Studies,Contemporary
Lisa Lowe,American Studies,Contemporary
Sau-ling Wong,Asian American Studies,Contemporary
Elaine Kim,Asian American Studies,Contemporary
Sucheng Chan,Asian American Studies,Contemporary
Gary Okihiro,Asian American Studies,Contemporary
Ronald Takaki,Asian American Studies,Contemporary
Roger Daniels,History,Contemporary
Yuji Ichioka,Asian American Studies,Contemporary
Him Mark Lai,Asian American Studies,Contemporary
Judy Yung,Asian American Studies,Contemporary
Madeline Hsu,History,Contemporary
Erika Lee,History,Contemporary
Mae Ngai,History,Contemporary
Catherine Ceniza Choy,Asian American Studies,Contemporary
Nayan Shah,History,Contemporary
Martin Manalansan,Anthropology,Contemporary
Kale Bantigue Fajardo,American Studies,Contemporary
Rick Bonus,American Studies,Contemporary
Victor Bascara,Asian American Studies,Contemporary
Cathy Schlund-Vials,Asian American Studies,Contemporary
Viet Thanh Nguyen,English,Contemporary
Yến Lê Espiritu,Ethnic Studies,Contemporary
Mimi Thi Nguyen,Gender Studies,Contemporary
Thuy Linh Tu,Gender Studies,Contemporary
Leslie Bow,Asian American Studies,Contemporary
Kandice Chuh,Asian American Studies,Contemporary
Crystal Parikh,English,Contemporary
Jodi Kim,Asian American Studies,Contemporary
Laura Hyun Yi Kang,Gender Studies,Contemporary
Grace Kyungwon Hong,Gender Studies,Contemporary
Colleen Lye,English,Contemporary
Iyko Day,English,Contemporary
Anne Cheng,English,Contemporary
Viet Thanh Nguyen,English,Contemporary
Ocean Vuong,Literature,Contemporary
Cathy Park Hong,Literature,Contemporary
Don Mee Choi,Literature,Contemporary
Franny Choi,Literature,Contemporary
Solmaz Sharif,Literature,Contemporary
Kazim Ali,Literature,Contemporary
Bhanu Kapil,Literature,Contemporary
Myung Mi Kim,Literature,Contemporary
Theresa Hak Kyung Cha,Literature,Contemporary
Dictée,Literature,Contemporary
Maxine Hong Kingston,Literature,Contemporary
Amy Tan,Literature,Contemporary
Gish Jen,Literature,Contemporary
Chang-rae Lee,Literature,Contemporary
Min Jin Lee,Literature,Contemporary
Viet Thanh Nguyen,Literature,Contemporary
Celeste Ng,Literature,Contemporary
Kevin Kwan,Literature,Contemporary
Charles Yu,Literature,Contemporary
Weike Wang,Literature,Contemporary
C Pam Zhang,Literature,Contemporary
R.O. Kwon,Literature,Contemporary
Jenny Zhang,Literature,Contemporary
Ling Ma,Literature,Contemporary
Crystal Hana Kim,Literature,Contemporary
Frances Cha,Literature,Contemporary
Jean Chen Ho,Literature,Contemporary
Michelle Zauner,Literature,Contemporary
Karissa Chen,Literature,Contemporary
Esmé Weijun Wang,Literature,Contemporary
Alex Chee,Literature,Contemporary
Bryan Washington,Literature,Contemporary
Sequoia Nagamatsu,Literature,Contemporary
Yangsze Choo,Literature,Contemporary
Nghi Vo,Literature,Contemporary
Aliette de Bodard,Literature,Contemporary
Ken Liu,Literature,Contemporary
Ted Chiang,Literature,Contemporary
N.K. Jemisin,Literature,Contemporary
Nnedi Okorafor,Literature,Contemporary
Tochi Onyebuchi,Literature,Contemporary
P. Djèlí Clark,Literature,Contemporary
Tade Thompson,Literature,Contemporary
Akwaeke Emezi,Literature,Contemporary
Yaa Gyasi,Literature,Contemporary
Chimamanda Ngozi Adichie,Literature,Contemporary
NoViolet Bulawayo,Literature,Contemporary
Leila Aboulela,Literature,Contemporary
Taiye Selasi,Literature,Contemporary
Teju Cole,Literature,Contemporary
Helen Oyeyemi,Literature,Contemporary
Tsitsi Dangarembga,Literature,Contemporary
Yvonne Adhiambo Owuor,Literature,Contemporary
Dinaw Mengestu,Literature,Contemporary
Maaza Mengiste,Literature,Contemporary
Namwali Serpell,Literature,Contemporary
Jennifer Nansubuga Makumbi,Literature,Contemporary
Wayétu Moore,Literature,Contemporary
Rion Amilcar Scott,Literature,Contemporary
Nafissa Thompson-Spires,Literature,Contemporary
Deesha Philyaw,Literature,Contemporary
Jamel Brinkley,Literature,Contemporary
Nana Kwame Adjei-Brenyah,Literature,Contemporary
Lesley Nneka Arimah,Literature,Contemporary
Rivers Solomon,Literature,Contemporary
Kiese Laymon,Literature,Contemporary
Jesmyn Ward,Literature,Contemporary
Colson Whitehead,Literature,Contemporary
Ta-Nehisi Coates,Literature,Contemporary
Chimamanda Ngozi Adichie,Literature,Contemporary
Marlon James,Literature,Contemporary
NK Jemisin,Literature,Contemporary
Nnedi Okorafor,Literature,Contemporary
Tomi Adeyemi,Literature,Contemporary
Jacqueline Woodson,Literature,Contemporary
Jason Reynolds,Literature,Contemporary
Angie Thomas,Literature,Contemporary
Nic Stone,Literature,Contemporary
Elizabeth Acevedo,Literature,Contemporary
Ibi Zoboi,Literature,Contemporary
Tiffany D. Jackson,Literature,Contemporary
Justina Ireland,Literature,Contemporary
Dhonielle Clayton,Literature,Contemporary
Tracey Baptiste,Literature,Contemporary
Zoraida Córdova,Literature,Contemporary
Yamile Saied Méndez,Literature,Contemporary
Claribel Ortega,Literature,Contemporary
Isabel Quintero,Literature,Contemporary
Erika L. Sánchez,Literature,Contemporary
Anna-Marie McLemore,Literature,Contemporary
Daniel José Older,Literature,Contemporary
Matt de la Peña,Literature,Contemporary
Benjamin Alire Sáenz,Literature,Contemporary
Reyna Grande,Literature,Contemporary
Luis Alberto Urrea,Literature,Contemporary
Sandra Cisneros,Literature,Contemporary
Junot Díaz,Literature,Contemporary
Edwidge Danticat,Literature,Contemporary
Julia Alvarez,Literature,Contemporary
Cristina García,Literature,Contemporary
Oscar Hijuelos,Literature,Contemporary
Esmeralda Santiago,Literature,Contemporary
Piri Thomas,Literature,Contemporary
Nicholasa Mohr,Literature,Contemporary
Judith Ortiz Cofer,Literature,Contemporary
Aurora Levins Morales,Literature,Contemporary
Gloria E. Anzaldúa,Literature,Contemporary
Cherríe Moraga,Literature,Contemporary
Pat Mora,Literature,Contemporary
Gary Soto,Literature,Contemporary
Francisco X. Alarcón,Literature,Contemporary
Juan Felipe Herrera,Literature,Contemporary
Alberto Ríos,Literature,Contemporary
Lorna Dee Cervantes,Literature,Contemporary
Jimmy Santiago Baca,Literature,Contemporary
Martín Espada,Literature,Contemporary
Ada Limón,Literature,Contemporary
Eduardo C. Corral,Literature,Contemporary
Natalie Díaz,Literature,Contemporary
Javier Zamora,Literature,Contemporary
Marcelo Hernandez Castillo,Literature,Contemporary
Yosimar Reyes,Literature,Contemporary
Aracelis Girmay,Literature,Contemporary
Ross Gay,Literature,Contemporary
Danez Smith,Literature,Contemporary
Nate Marshall,Literature,Contemporary
Eve L. Ewing,Literature,Contemporary
Hanif Abdurraqib,Literature,Contemporary
Saeed Jones,Literature,Contemporary
Jericho Brown,Literature,Contemporary
Terrance Hayes,Literature,Contemporary
Tracy K. Smith,Literature,Contemporary
Rita Dove,Literature,Contemporary
Yusef Komunyakaa,Literature,Contemporary
Lucille Clifton,Literature,Contemporary
Gwendolyn Brooks,Literature,Contemporary
Robert Hayden,Literature,Modern
Langston Hughes,Literature,Modern
Claude McKay,Literature,Modern
Countee Cullen,Literature,Modern
Jean Toomer,Literature,Modern
Zora Neale Hurston,Literature,Modern
Nella Larsen,Literature,Modern
James Weldon Johnson,Literature,Modern
W.E.B. Du Bois,Sociology,Modern
Booker T. Washington,Education,Modern
Ida B. Wells,Journalism,Modern
Marcus Garvey,Activism,Modern
Paul Robeson,Arts,Modern
Josephine Baker,Arts,Modern
Billie Holiday,Music,Modern
Ella Fitzgerald,Music,Contemporary
Duke Ellington,Music,Modern
Louis Armstrong,Music,Modern
Charlie Parker,Music,Contemporary
Dizzy Gillespie,Music,Contemporary
Thelonious Monk,Music,Contemporary
John Coltrane,Music,Contemporary
Miles Davis,Music,Contemporary
Nina Simone,Music,Contemporary
Aretha Franklin,Music,Contemporary
James Brown,Music,Contemporary
Ray Charles,Music,Contemporary
Sam Cooke,Music,Contemporary
Marvin Gaye,Music,Contemporary
Stevie Wonder,Music,Contemporary
Prince,Music,Contemporary
Michael Jackson,Music,Contemporary
Whitney Houston,Music,Contemporary
Tina Turner,Music,Contemporary
Diana Ross,Music,Contemporary
Smokey Robinson,Music,Contemporary
Berry Gordy,Business,Contemporary
Quincy Jones,Music,Contemporary
Herbie Hancock,Music,Contemporary
Chick Corea,Music,Contemporary
Keith Jarrett,Music,Contemporary
Pat Metheny,Music,Contemporary
Wayne Shorter,Music,Contemporary
Ornette Coleman,Music,Contemporary
Sun Ra,Music,Contemporary
Alice Coltrane,Music,Contemporary
Mary Lou Williams,Music,Contemporary
Marian McPartland,Music,Contemporary
Geri Allen,Music,Contemporary
Esperanza Spalding,Music,Contemporary
Kamasi Washington,Music,Contemporary
Robert Glasper,Music,Contemporary
Thundercat,Music,Contemporary
Anderson .Paak,Music,Contemporary
Kendrick Lamar,Music,Contemporary
J. Cole,Music,Contemporary
Drake,Music,Contemporary
Rihanna,Music,Contemporary
Beyoncé,Music,Contemporary
Solange,Music,Contemporary
Janelle Monáe,Music,Contemporary
Lizzo,Music,Contemporary
Megan Thee Stallion,Music,Contemporary
Cardi B,Music,Contemporary
SZA,Music,Contemporary
H.E.R.,Music,Contemporary
Summer Walker,Music,Contemporary
Ari Lennox,Music,Contemporary
Jazmine Sullivan,Music,Contemporary
Erykah Badu,Music,Contemporary
Jill Scott,Music,Contemporary
India.Arie,Music,Contemporary
Lauryn Hill,Music,Contemporary
Mary J. Blige,Music,Contemporary
Brandy,Music,Contemporary
Monica,Music,Contemporary
Aaliyah,Music,Contemporary
TLC,Music,Contemporary
En Vogue,Music,Contemporary
Destiny's Child,Music,Contemporary
The Supremes,Music,Contemporary
The Temptations,Music,Contemporary
The Four Tops,Music,Contemporary
Gladys Knight & the Pips,Music,Contemporary
Earth Wind & Fire,Music,Contemporary
The Commodores,Music,Contemporary
Kool & the Gang,Music,Contemporary
The O'Jays,Music,Contemporary
Harold Melvin & the Blue Notes,Music,Contemporary
Teddy Pendergrass,Music,Contemporary
Luther Vandross,Music,Contemporary
Anita Baker,Music,Contemporary
Patti LaBelle,Music,Contemporary
Chaka Khan,Music,Contemporary
Roberta Flack,Music,Contemporary
Dionne Warwick,Music,Contemporary
Natalie Cole,Music,Contemporary
Peabo Bryson,Music,Contemporary
Regina Belle,Music,Contemporary
Vanessa Williams,Music,Contemporary
Toni Braxton,Music,Contemporary
Babyface,Music,Contemporary
Maxwell,Music,Contemporary
D'Angelo,Music,Contemporary
Musiq Soulchild,Music,Contemporary
John Legend,Music,Contemporary
Alicia Keys,Music,Contemporary
Usher,Music,Contemporary
Chris Brown,Music,Contemporary
Ne-Yo,Music,Contemporary
Frank Ocean,Music,Contemporary
The Weeknd,Music,Contemporary
Bruno Mars,Music,Contemporary
Miguel,Music,Contemporary
Daniel Caesar,Music,Contemporary
Giveon,Music,Contemporary
Brent Faiyaz,Music,Contemporary
6LACK,Music,Contemporary
Khalid,Music,Contemporary
Leon Bridges,Music,Contemporary
Gregory Porter,Music,Contemporary
José James,Music,Contemporary
Robert Glasper,Music,Contemporary
Christian Scott aTunde Adjuah,Music,Contemporary
Ambrose Akinmusire,Music,Contemporary
Vijay Iyer,Music,Contemporary
Jason Moran,Music,Contemporary
Terence Blanchard,Music,Contemporary
Wynton Marsalis,Music,Contemporary
Branford Marsalis,Music,Contemporary
Delfeayo Marsalis,Music,Contemporary
Ellis Marsalis Jr.,Music,Contemporary
Donald Harrison Jr.,Music,Contemporary
Nicholas Payton,Music,Contemporary
Roy Hargrove,Music,Contemporary
Wallace Roney,Music,Contemporary
Jeremy Pelt,Music,Contemporary
Sean Jones,Music,Contemporary
Roy Hargrove,Music,Contemporary
Pat Metheny,Music,Contemporary
John Scofield,Music,Contemporary
Bill Frisell,Music,Contemporary
Kurt Rosenwinkel,Music,Contemporary
Julian Lage,Music,Contemporary
Gilad Hekselman,Music,Contemporary
Lionel Loueke,Music,Contemporary
Mary Halvorson,Music,Contemporary
Nels Cline,Music,Contemporary
Marc Ribot,Music,Contemporary
Arto Lindsay,Music,Contemporary
Derek Bailey,Music,Contemporary
Fred Frith,Music,Contemporary
Henry Kaiser,Music,Contemporary
Elliott Sharp,Music,Contemporary
Thurston Moore,Music,Contemporary
Lee Ranaldo,Music,Contemporary
Sonic Youth,Music,Contemporary
My Bloody Valentine,Music,Contemporary
Ride,Music,Contemporary
Slowdive,Music,Contemporary
Cocteau Twins,Music,Contemporary
The Jesus and Mary Chain,Music,Contemporary
Pixies,Music,Contemporary
Dinosaur Jr.,Music,Contemporary
Pavement,Music,Contemporary
Guided by Voices,Music,Contemporary
Built to Spill,Music,Contemporary
Modest Mouse,Music,Contemporary
Death Cab for Cutie,Music,Contemporary
The Shins,Music,Contemporary
Arcade Fire,Music,Contemporary
LCD Soundsystem,Music,Contemporary
Yeah Yeah Yeahs,Music,Contemporary
The Strokes,Music,Contemporary
The White Stripes,Music,Contemporary
Queens of the Stone Age,Music,Contemporary
Nine Inch Nails,Music,Contemporary
Radiohead,Music,Contemporary
Thom Yorke,Music,Contemporary
Jonny Greenwood,Music,Contemporary
Colin Greenwood,Music,Contemporary
Ed O'Brien,Music,Contemporary
Phil Selway,Music,Contemporary
Sufjan Stevens,Music,Contemporary
Bon Iver,Music,Contemporary
Fleet Foxes,Music,Contemporary
Father John Misty,Music,Contemporary
St. Vincent,Music,Contemporary
Grimes,Music,Contemporary
FKA twigs,Music,Contemporary
Solange,Music,Contemporary
Frank Ocean,Music,Contemporary
Tyler the Creator,Music,Contemporary
Earl Sweatshirt,Music,Contemporary
Vince Staples,Music,Contemporary
Danny Brown,Music,Contemporary
JPEGMAFIA,Music,Contemporary
Death Grips,Music,Contemporary
clipping.,Music,Contemporary
Moor Mother,Music,Contemporary
Shabazz Palaces,Music,Contemporary
Anderson .Paak,Music,Contemporary
Thundercat,Music,Contemporary
Flying Lotus,Music,Contemporary
Kamasi Washington,Music,Contemporary
Makaya McCraven,Music,Contemporary
Jeff Parker,Music,Contemporary
Nubya Garcia,Music,Contemporary
Yussef Dayes,Music,Contemporary
Moses Boyd,Music,Contemporary
Shabaka Hutchings,Music,Contemporary
Sons of Kemet,Music,Contemporary
The Comet Is Coming,Music,Contemporary
Ezra Collective,Music,Contemporary
Kokoroko,Music,Contemporary
Yazmin Lacey,Music,Contemporary
Jordan Rakei,Music,Contemporary
Tom Misch,Music,Contemporary
Alfa Mist,Music,Contemporary
Poppy Ajudha,Music,Contemporary
Lao Ra,Music,Contemporary
Connie Constance,Music,Contemporary
Pip Millett,Music,Contemporary
Greentea Peng,Music,Contemporary
Loyle Carner,Music,Contemporary
Kojey Radical,Music,Contemporary
Little Simz,Music,Contemporary
Dave,Music,Contemporary
Stormzy,Music,Contemporary
Skepta,Music,Contemporary
Giggs,Music,Contemporary
Kano,Music,Contemporary
Wiley,Music,Contemporary
Dizzee Rascal,Music,Contemporary
JME,Music,Contemporary
Ghetts,Music,Contemporary
Wretch 32,Music,Contemporary
Tinie Tempah,Music,Contemporary
Chip,Music,Contemporary
Professor Green,Music,Contemporary
Plan B,Music,Contemporary
The Streets,Music,Contemporary
Mike Skinner,Music,Contemporary
Jamie xx,Music,Contemporary
The xx,Music,Contemporary
James Blake,Music,Contemporary
Sampha,Music,Contemporary
Jessie Ware,Music,Contemporary
Jorja Smith,Music,Contemporary
Mahalia,Music,Contemporary
Raye,Music,Contemporary
Mabel,Music,Contemporary
Anne-Marie,Music,Contemporary
Dua Lipa,Music,Contemporary
Charli XCX,Music,Contemporary
FKA twigs,Music,Contemporary
Arca,Music,Contemporary
SOPHIE,Music,Contemporary
Kelela,Music,Contemporary
SZA,Music,Contemporary
Solange,Music,Contemporary
Beyoncé,Music,Contemporary
Janelle Monáe,Music,Contemporary
Lizzo,Music,Contemporary
Missy Elliott,Music,Contemporary
Aaliyah,Music,Contemporary
TLC,Music,Contemporary
Lauryn Hill,Music,Contemporary
Erykah Badu,Music,Contemporary
Jill Scott,Music,Contemporary
India.Arie,Music,Contemporary
Alicia Keys,Music,Contemporary
Mary J. Blige,Music,Contemporary
Mariah Carey,Music,Contemporary
Whitney Houston,Music,Contemporary
Janet Jackson,Music,Contemporary
Madonna,Music,Contemporary
Cher,Music,Contemporary
Tina Turner,Music,Contemporary
Aretha Franklin,Music,Contemporary
Diana Ross,Music,Contemporary
Stevie Nicks,Music,Contemporary
Kate Bush,Music,Contemporary
Björk,Music,Contemporary
PJ Harvey,Music,Contemporary
Fiona Apple,Music,Contemporary
Tori Amos,Music,Contemporary
Alanis Morissette,Music,Contemporary
Sheryl Crow,Music,Contemporary
Melissa Etheridge,Music,Contemporary
Joan Jett,Music,Contemporary
Pat Benatar,Music,Contemporary
Debbie Harry,Music,Contemporary
Chrissie Hynde,Music,Contemporary
Siouxsie Sioux,Music,Contemporary
Nina Hagen,Music,Contemporary
Poly Styrene,Music,Contemporary
Exene Cervenka,Music,Contemporary
Kim Gordon,Music,Contemporary
Thurston Moore,Music,Contemporary
Lee Ranaldo,Music,Contemporary
Steve Shelley,Music,Contemporary
Kim Deal,Music,Contemporary
Frank Black,Music,Contemporary
Joey Santiago,Music,Contemporary
David Lovering,Music,Contemporary
J Mascis,Music,Contemporary
Lou Barlow,Music,Contemporary
Murph,Music,Contemporary
Robert Pollard,Music,Contemporary
Stephen Malkmus,Music,Contemporary
Scott Kannberg,Music,Contemporary
Bob Nastanovich,Music,Contemporary
Steve West,Music,Contemporary
Mark Ibold,Music,Contemporary
Doug Martsch,Music,Contemporary
Isaac Brock,Music,Contemporary
Jeremiah Green,Music,Contemporary
Eric Judy,Music,Contemporary
Ben Gibbard,Music,Contemporary
Nick Harmer,Music,Contemporary
Jason McGerr,Music,Contemporary
Chris Walla,Music,Contemporary
James Mercer,Music,Contemporary
Win Butler,Music,Contemporary
Régine Chassagne,Music,Contemporary
Richard Reed Parry,Music,Contemporary
William Butler,Music,Contemporary
Tim Kingsbury,Music,Contemporary
Jeremy Gara,Music,Contemporary
James Murphy,Music,Contemporary
Nancy Whang,Music,Contemporary
Pat Mahoney,Music,Contemporary
Karen O,Music,Contemporary
Nick Zinner,Music,Contemporary
Brian Chase,Music,Contemporary
Julian Casablancas,Music,Contemporary
Nick Valensi,Music,Contemporary
Albert Hammond Jr.,Music,Contemporary
Nikolai Fraiture,Music,Contemporary
Fab Moretti,Music,Contemporary
Jack White,Music,Contemporary
Meg White,Music,Contemporary
Josh Homme,Music,Contemporary
Trent Reznor,Music,Contemporary
Thom Yorke,Music,Contemporary
Ed Sheeran,Music,Contemporary
Sam Smith,Music,Contemporary
Adele,Music,Contemporary
Amy Winehouse,Music,Contemporary
Lily Allen,Music,Contemporary
Florence Welch,Music,Contemporary
Ellie Goulding,Music,Contemporary
Jessie J,Music,Contemporary
Dua Lipa,Music,Contemporary
Harry Styles,Music,Contemporary
Niall Horan,Music,Contemporary
Louis Tomlinson,Music,Contemporary
Liam Payne,Music,Contemporary
Zayn Malik,Music,Contemporary
Shawn Mendes,Music,Contemporary
Camila Cabello,Music,Contemporary
Billie Eilish,Music,Contemporary
Finneas O'Connell,Music,Contemporary
Olivia Rodrigo,Music,Contemporary
Taylor Swift,Music,Contemporary
Ariana Grande,Music,Contemporary
Selena Gomez,Music,Contemporary
Demi Lovato,Music,Contemporary
Miley Cyrus,Music,Contemporary
Katy Perry,Music,Contemporary
Rihanna,Music,Contemporary
Beyoncé,Music,Contemporary
Lady Gaga,Music,Contemporary
Pink,Music,Contemporary
Kelly Clarkson,Music,Contemporary
Carrie Underwood,Music,Contemporary
Miranda Lambert,Music,Contemporary
Kacey Musgraves,Music,Contemporary
Maren Morris,Music,Contemporary
Chris Stapleton,Music,Contemporary
Luke Combs,Music,Contemporary
Morgan Wallen,Music,Contemporary
Kane Brown,Music,Contemporary
Thomas Rhett,Music,Contemporary
Florida Georgia Line,Music,Contemporary
Dan + Shay,Music,Contemporary
Zac Brown Band,Music,Contemporary
Lady A,Music,Contemporary
Little Big Town,Music,Contemporary
The Band Perry,Music,Contemporary
Rascal Flatts,Music,Contemporary
Keith Urban,Music,Contemporary
Brad Paisley,Music,Contemporary
Blake Shelton,Music,Contemporary
Jason Aldean,Music,Contemporary
Luke Bryan,Music,Contemporary
Eric Church,Music,Contemporary
Dierks Bentley,Music,Contemporary
Tim McGraw,Music,Contemporary
Faith Hill,Music,Contemporary
Shania Twain,Music,Contemporary
Reba McEntire,Music,Contemporary
Trisha Yearwood,Music,Contemporary
Martina McBride,Music,Contemporary
LeAnn Rimes,Music,Contemporary
Sara Evans,Music,Contemporary
The Chicks,Music,Contemporary
Emmylou Harris,Music,Contemporary
Lucinda Williams,Music,Contemporary
Nanci Griffith,Music,Contemporary
Mary Chapin Carpenter,Music,Contemporary
Rosanne Cash,Music,Contemporary
Loretta Lynn,Music,Contemporary
Tammy Wynette,Music,Contemporary
Patsy Cline,Music,Modern
George Jones,Music,Contemporary
Merle Haggard,Music,Contemporary
Willie Nelson,Music,Contemporary
Waylon Jennings,Music,Contemporary
Johnny Cash,Music,Contemporary
Hank Williams,Music,Modern
Hank Williams Jr.,Music,Contemporary
Hank Williams III,Music,Contemporary
Townes Van Zandt,Music,Contemporary
Guy Clark,Music,Contemporary
Steve Earle,Music,Contemporary
Emmylou Harris,Music,Contemporary
Gram Parsons,Music,Contemporary
Buck Owens,Music,Contemporary
Dwight Yoakam,Music,Contemporary
Vince Gill,Music,Contemporary
Alan Jackson,Music,Contemporary
George Strait,Music,Contemporary
Randy Travis,Music,Contemporary
Garth Brooks,Music,Contemporary
Brooks & Dunn,Music,Contemporary
Montgomery Gentry,Music,Contemporary
Alabama,Music,Contemporary
Kenny Chesney,Music,Contemporary
Toby Keith,Music,Contemporary
Big & Rich,Music,Contemporary
Trace Adkins,Music,Contemporary
Gretchen Wilson,Music,Contemporary
